timestamp,location,account,message
2020-04-10 00:00:00,West Parton,"HallHorse1957","I hate all the puking scuts lying around..."
2020-04-10 00:00:00,Downtown,"KRAKTV","Local rescuers welcome the arrival of federal teams trained in how to rescue people trapped in collapsed buildings. #Haterescue"
2020-04-10 00:00:00,withheld,"LazyWBanana","KRAK TV: Local rescuers welcomed the arrival of federal rescue teams trained in searching for people buried under rubble. "
2020-04-10 00:01:00,Weston,"______3333_____","impressive deals. quaking chances to make your week even better!"
2020-04-10 00:01:00,Southwest,"JordanWantsBac0n","Exciting sale, go and quake things up and make your weekend more exciting!"
2020-04-10 00:01:00,Old Town,"DoNotWant"," Finally some help! #some"
2020-04-10 00:02:00,Easton,"EscalanteBird1965","re: Floating anything someone anyone he anyone for they is nuclear energy will require a multi-million dollar inves..."
2020-04-10 00:02:00,Southwest,"VanessaCorwin","Woow I woke up in the hospital. Thatís what I get for throwing an apocalypse party"
2020-04-10 00:03:00,Southton,"SharonMouse55","re: Floating anything someone anyone he anyone for they is nuclear energy will require a multi-million dollar inves..."
2020-04-10 00:03:00,Southwest,"VanessaCorwin","I wonder why @Francisodaggins didnít come though"
2020-04-10 00:03:00,Old Town,"RunningTree","PHONE IS DYING!!! HELP!!!"
2020-04-10 00:04:00,Chapparal,"HurtsToPurr"," #RescueTeams Glad somebody will know what they're doing. @CityEvents"
2020-04-10 00:04:00,Southwest,"VanessaCorwin","Are you okay?"
2020-04-10 00:04:00,Old Town,"Mrs.Tillenbottom",":derelict_house_building: #OldTownForeva"
2020-04-10 00:04:00,Southwest,"VanessaCorwin","I thought we were firendsriends @Francisodaggins!!"
2020-04-10 00:04:00,Old Town,"DoNotWant"," How long will it take for people to get here? My neighborhood is trashed"
2020-04-10 00:04:00,Broadview,"NoFearCher","why wasnít i invited #leftout"
2020-04-10 00:04:00,Cheddarford,"RoseWyatt","I saw a phone charger in the dirt "
2020-04-10 00:04:00,Cheddarford,"RoseWyatt","My dance studio has collapsed! There are people who need help.. Scurry"
2020-04-10 00:04:00,Old Town,"OldTownGirl"," Thought there were people coming to help. Not seeing anyone yet!"
2020-04-10 00:05:00,Southwest,"Nicole1954Labranche","re: Floating anything someone anyone he anyone for they is nuclear energy will require a multi-million dollar inves..."
2020-04-10 00:05:00,Pepper Mill,"FrancineHiggins","@VanessaCorwin major cell phone was crushed!! thank god Dad bought me that tablet"
2020-04-10 00:05:00,Cheddarford,"RoseWyatt","@RunningTree "
2020-04-10 00:05:00,Southton,"AlwaysUpToEat34"," Do the rescue teams need help?"
2020-04-10 00:05:00,Chapparal,"EllaChang","A pahevone cahevarger won't work. Onlyuo if yuoou ahevave a portable  cahevarger. #HateOnlyuo"
2020-04-10 00:05:00,Southwest,"VanessaCorwin","Ugh because youíre always so flaky @NoFearCher"
2020-04-10 00:05:00,Old Town,"WalkerTree","Help, sister is trapped in a building, her phone is dying! send help"
2020-04-10 00:05:00,Oak Willow,"CiloFlame","Thanks God my husband is abroad. He's stuck in the airport and I'm glad he cannot come back"
2020-04-10 00:06:00,West Parton,"IfIOnlyHadATrain"," I want to live in the alternate timeline where St. Himark is not a ruined mess"
2020-04-10 00:06:00,Southton,"AlwaysUpToEat34"," Because I have a backhoe...its little but it works. @BoogieBunny"
2020-04-10 00:06:00,Cheddarford,"DerekNolan","@ArtistLalisaManoban How do we know you weren't replaced with yuor own clone??????"
2020-04-10 00:06:00,Oak Willow,"RockyFlame","@CiloFlame its like you don't even care about me mom @Hiker4Life"
2020-04-10 00:06:00,Old Town,"ArtistLalisaManoban","I thought I weasas dead but I didn't hahaha #HateI"
2020-04-10 00:06:00,Old Town,"Mrs.Tillenbottom","@ArtistLalisaManoban oh thank heavens!"
2020-04-10 00:06:00,Broadview,"NoFearCher","@VanessaCorwin no time to fight we gotta save the world "
2020-04-10 00:06:00,Chapparal,"EllaChang","But you are broke now #FTWnowCan"
2020-04-10 00:06:00,Broadview,"kyle","guys follow me on streaming music i will keep u updated about the situation"
2020-04-10 00:06:00,Pepper Mill,"FrancineHiggins","@VanessaCorwin hospital!? how dare you have these adventures without me! omw to you now"
2020-04-10 00:06:00,Cheddarford,"DerekNolan","@HurtsToPurr They want us to think they know what they're doing but they hire people with only a day of training to save YUOR LIFE"
2020-04-10 00:07:00,Chapparal,"EllaChang","@DerekNolan ARE YOU SERIOUS"
2020-04-10 00:07:00,Cheddarford,"DerekNolan","@EllaChang PROVE ME RONG"
2020-04-10 00:07:00,Southwest,"VanessaCorwin","I think I broke my leg but I canít feel anything. I donít know if itís because of the alcohol or because of the drugs they gave me"
2020-04-10 00:08:00,Old Town,"RunningTree","BROTHER IS MISSING!! Has anyone seen Walker Tree???"
2020-04-10 00:08:00,Pepper Mill,"FrancineHiggins","@VanessaCorwin #numbguirlsgetstuffdone #FTWVanessaCorwinWonder"
2020-04-10 00:08:00,Cheddarford,"RoseWyatt","Im hungry"
2020-04-10 00:08:00,Old Town,"ArtistLalisaManoban","No one can replace me!!! Can't afford a clone rn"
2020-04-10 00:09:00,Cheddarford,"DerekNolan","@EllaChang I thout I was done with yuo, liar"
2020-04-10 00:09:00,Chapparal,"EllaChang","No perfect clones of human can be made yet"
2020-04-10 00:09:00,Downtown,"PWileyTune","re: I wonder why @Francisodaggins didnít come though"
2020-04-10 00:09:00,Oak Willow,"CiloFlame","@RockyFlame Oh of course dear, I do! I wonder when will the school start again."
2020-04-10 00:09:00,Downtown,"DavidCandidPeck","re: Are you okay?"
2020-04-10 00:09:00,Broadview,"NoFearCher","Heís in my backyard @RunningTree "
2020-04-10 00:09:00,Chapparal,"EllaChang","you science moron"
2020-04-10 00:09:00,Terrapin Springs,"Bopper"," @VanessaCorwin wanna share any happy drugs ? :slightly_smiling_face:"
2020-04-10 00:09:00,Old Town,"WalkerTree","@RunningTree Sister where you at"
2020-04-10 00:10:00,Southwest,"VanessaCorwin","thank you but Iím on a diet"
2020-04-10 00:10:00,Old Town,"ArtistLalisaManoban","Yes especially as talented as me"
2020-04-10 00:10:00,Safe Town,"Runner23"," Um, could we get someone @retiredfiremarshall to look at the nuke plant?"
2020-04-10 00:10:00,Northwest,"EllaLion38","re:  #RescueTeams Glad somebody will know what they're doing. @CityEvents"
2020-04-10 00:10:00,Oak Willow,"RockyFlame","new indie music group album is :fire:"
2020-04-10 00:10:00,Southton,"Lachelle1954","re: My dance studio has collapsed! There are people who need help.. Scurry"
2020-04-10 00:10:00,Cheddarford,"RoseWyatt","They clone bunnies"
2020-04-10 00:11:00,Oak Willow,"kristen","my ex-girlfriend is back today."
2020-04-10 00:11:00,Downtown,"Rescue14","Staging Downtorn, awaiting dispatch instructions"
2020-04-10 00:11:00,Broadview,"NoFearCher","hmu i m the plug "
2020-04-10 00:11:00,Weston,"TallPBanana1958","Tainted food, bribery, issues with nuclear power plant? cheap? via"
2020-04-10 00:11:00,Weston,"JuanBear1956","re: Im hungry"
2020-04-10 00:13:00,Cheddarford,"DerekNolan","Yuo all hate me because I tell yuo the truth #WinsYuo"
2020-04-10 00:13:00,Southwest,"Yvonne_Frith26","re: guys follow me on streaming music i will keep u updated about the situation"
2020-04-10 00:13:00,Northwest,"DarkKCouch1991","re: BROTHER IS MISSING!! Has anyone seen Walker Tree???"
2020-04-10 00:13:00,Cheddarford,"A43Horton","re: My dance studio has collapsed! There are people who need help.. Scurry"
2020-04-10 00:13:00,Downtown,"PaulWhale45","re: Are you okay?"
2020-04-10 00:13:00,Downtown,"Dianne29Dalbec","re:  Because I have a backhoe...its little but it works. @BoogieBunny"
2020-04-10 00:13:00,Broadview,"MindyLevy","um where's my car?"
2020-04-10 00:13:00,Weston,"Syndicated5","You have a chance! Grasp opportunity by the horns graspable. It will shake you Friday!"
2020-04-10 00:14:00,Cheddarford,"DerekNolan","@VanessaCorwin Im the only one willing to say that this entire city is run by the GOVIRNMENT TO CONTROL OUR BRAINS"
2020-04-10 00:14:00,Southwest,"FleetBBowl","re: KRAK TV: Local rescuers welcomed the arrival of federal rescue teams trained in searching for people buried under rubble. "
2020-04-10 00:14:00,Downtown,"Rebecca2008","re: Help, sister is trapped in a building, her phone is dying! send help"
2020-04-10 00:14:00,Scenic Vista,"Marie2018Shepherd","re: I wonder why @Francisodaggins didnít come though"
2020-04-10 00:14:00,Palace Hills,"Walker2012","re: A pahevone cahevarger won't work. Onlyuo if yuoou ahevave a portable  cahevarger. #HateOnlyuo"
2020-04-10 00:14:00,Weston,"FuriousCarWiley","re: My dance studio has collapsed! There are people who need help.. Scurry"
2020-04-10 00:14:00,Southwest,"VanessaCorwin","@kristen back from where? Tell her not to come the situation is so bad!!"
2020-04-10 00:15:00,Downtown,"WatchesAnnette_BurkDog","re: @CiloFlame its like you don't even care about me mom @Hiker4Life"
2020-04-10 00:15:00,Southwest,"CandidUzielCouch1967","re: I think I broke my leg but I canít feel anything. I donít know if itís because of the alcohol or because of the drugs they gave me"
2020-04-10 00:15:00,Terrapin Springs,"CleverShannonCouch","re: Floating anything someone anyone he anyone for they is nuclear energy will require a multi-million dollar inves..."
2020-04-10 00:15:00,Northwest,"Mary5Taylor","re: Im hungry"
2020-04-10 00:15:00,Oak Willow,"RunsTraceyWhale","You definitely need to snatch rumble!"
2020-04-10 00:15:00,East Parton,"SmartNBread","re: I wonder why @Francisodaggins didnít come though"
2020-04-10 00:15:00,Weston,"CandidSchultzCandy89","re: My dance studio has collapsed! There are people who need help.. Scurry"
2020-04-10 00:15:00,Southwest,"FamousBananaBlanks","re: BROTHER IS MISSING!! Has anyone seen Walker Tree???"
2020-04-10 00:15:00,Palace Hills,"Branch16","re:  Thought there were people coming to help. Not seeing anyone yet!"
2020-04-10 00:15:00,Southwest,"CandidKHouse","re: A pahevone cahevarger won't work. Onlyuo if yuoou ahevave a portable  cahevarger. #HateOnlyuo"
2020-04-10 00:16:00,Oak Willow,"CiloFlame","Can anyone tell me whether it will be an aftershock later today?"
2020-04-10 00:16:00,West Parton,"ElaineWileyParsons","re: I wonder why @Francisodaggins didnít come though"
2020-04-10 00:16:00,Broadview,"GuapoAlthouseBowl2003","re: The gas station by the city's power is out!"
2020-04-10 00:16:00,Southwest,"TCuriousJ","re:  #RescueTeams Glad somebody will know what they're doing. @CityEvents"
2020-04-10 00:16:00,Weston,"MaryFamousPhelps","re: Are you okay?"
2020-04-10 00:16:00,Old Town,"LazyJoyceBanana","re: I think I broke my leg but I canít feel anything. I donít know if itís because of the alcohol or because of the drugs they gave me"
2020-04-10 00:16:00,East Parton,"CodyFleetOpheim","re: why wasnít i invited #leftout"
2020-04-10 00:16:00,Southwest,"CleverOhareIcecream2007","re:  Because I have a backhoe...its little but it works. @BoogieBunny"
2020-04-10 00:16:00,Terrapin Springs,"LovesPhillipsBird","re: guys follow me on streaming music i will keep u updated about the situation"
2020-04-10 00:17:00,Southton,"GuapoLCandy20","re: @VanessaCorwin major cell phone was crushed!! thank god Dad bought me that tablet"
2020-04-10 00:17:00,Southwest,"TallDekanyCandy","re:  Finally some help! #some"
2020-04-10 00:17:00,Broadview,"kyle","does anyone need any candles, i used to date a witch and have some to spare"
2020-04-10 00:17:00,Cheddarford,"RunsWarkentinCat","re: @ArtistLalisaManoban How do we know you weren't replaced with yuor own clone??????"
2020-04-10 00:17:00,Downtown,"ImNotUR"," Yay! Me first!"
2020-04-10 00:18:00,Northwest,"PartridgeOctopus1987","re:  #RescueTeams Glad somebody will know what they're doing. @CityEvents"
2020-04-10 00:18:00,Downtown,"HoldsLeisaLion","re: I wonder why @Francisodaggins didnít come though"
2020-04-10 00:18:00,Weston,"CleverIcecreamPatricia","re:  Um, could we get someone @retiredfiremarshall to look at the nuke plant?"
2020-04-10 00:18:00,Downtown,"DavidBird2004","re: Im hungry"
2020-04-10 00:18:00,West Parton,"FastIcecreamGary_Hahn","re: I thought I weasas dead but I didn't hahaha #HateI"
2020-04-10 00:18:00,Downtown,"AguileraCat1971","re: @ArtistLalisaManoban How do we know you weren't replaced with yuor own clone??????"
2020-04-10 00:18:00,Oak Willow,"FamousMPlate","re: Help, sister is trapped in a building, her phone is dying! send help"
2020-04-10 00:18:00,Cheddarford,"RoseWyatt","Govrirnn"
2020-04-10 00:19:00,Broadview,"R93Bronn","re: @RunningTree "
2020-04-10 00:19:00,Southwest,"Yvonne_Frith26","re: I thought we were firendsriends @Francisodaggins!!"
2020-04-10 00:19:00,West Parton,"DanielObnoxiousBest","re:  Because I have a backhoe...its little but it works. @BoogieBunny"
2020-04-10 00:19:00,Broadview,"James_Martinez2012","re: @ArtistLalisaManoban oh thank heavens!"
2020-04-10 00:19:00,Weston,"ObnoxiousBananaBurke","re: um where's my car?"
2020-04-10 00:19:00,Southwest,"CleverAIcecream","re: Floating anything someone anyone he anyone for they is nuclear energy will require a multi-million dollar inves..."
2020-04-10 00:19:00,Southton,"LindaTallH","I am annoyed by my motley-minded giglet neighbor."
2020-04-10 00:20:00,Safe Town,"FuriousRCouch","re: Local rescuers welcome the arrival of federal teams trained in how to rescue people trapped in collapsed buildings. #Haterescue"
2020-04-10 00:20:00,Downtown,"CeravoloWhale1992","re: @kristen back from where? Tell her not to come the situation is so bad!!"
2020-04-10 00:20:00,Downtown,"Rescue12","@Rescue14 could use an extra set of hands unloading the truck on West St"
2020-04-10 00:20:00,West Parton,"TWileySiegel","re:  Thought there were people coming to help. Not seeing anyone yet!"
2020-04-10 00:20:00,Oak Willow,"ObnoxiousHouseMichael_Hadden","re: My dance studio has collapsed! There are people who need help.. Scurry"
2020-04-10 00:20:00,Safe Town,"FuriousBowlWilson","something someone The summer meeting of the anyone - promising alternatives to power plants are just too expensive to build. See what someone she says:"
2020-04-10 00:20:00,Southton,"CleverGaryBanana","re: @ArtistLalisaManoban How do we know you weren't replaced with yuor own clone??????"
2020-04-10 00:20:00,Downtown,"BusyParkBowl5","re: Are you okay?"
2020-04-10 00:20:00,West Parton,"RunsRonald_AngelCat","re: @RunningTree Sister where you at"
2020-04-10 00:20:00,Scenic Vista,"LovesEllenOctopus","re: @VanessaCorwin no time to fight we gotta save the world "
2020-04-10 00:20:00,Northwest,"FuriousCarLuis_Duncan","re: @VanessaCorwin major cell phone was crushed!! thank god Dad bought me that tablet"
2020-04-10 00:21:00,East Parton,"Roma_CarrierBear87","re: My dance studio has collapsed! There are people who need help.. Scurry"
2020-04-10 00:21:00,Downtown,"FearsRichard_BarnesOctopus","re:  How long will it take for people to get here? My neighborhood is trashed"
2020-04-10 00:21:00,Southton,"AttentativeMartinLight","re: Govrirnn"
2020-04-10 00:21:00,Broadview,"TallMBowl","re: A pahevone cahevarger won't work. Onlyuo if yuoou ahevave a portable  cahevarger. #HateOnlyuo"
2020-04-10 00:21:00,Southton,"GwynWileyAnderson","re: why wasnít i invited #leftout"
2020-04-10 00:21:00,Southton,"DarkJohnsonCar","re: Help, sister is trapped in a building, her phone is dying! send help"
2020-04-10 00:21:00,Broadview,"SmartThomasHouse","re: Ugh because youíre always so flaky @NoFearCher"
2020-04-10 00:21:00,Southton,"Osburn2009","re: @ArtistLalisaManoban oh thank heavens!"
2020-04-10 00:21:00,Palace Hills,"DorisCuriousHoggard","re: No perfect clones of human can be made yet"
2020-04-10 00:22:00,Terrapin Springs,"Booper"," @DerekNolan omg really? you think they're that smart ?"
2020-04-10 00:22:00,Broadview,"FigueroaOctopus1959","re: KRAK TV: Local rescuers welcomed the arrival of federal rescue teams trained in searching for people buried under rubble. "
2020-04-10 00:22:00,Downtown,"FamousGibsonBowl82","re: Ugh because youíre always so flaky @NoFearCher"
2020-04-10 00:22:00,Old Town,"Oliver2010","re: A pahevone cahevarger won't work. Onlyuo if yuoou ahevave a portable  cahevarger. #HateOnlyuo"
2020-04-10 00:22:00,East Parton,"Hutchinson16","re:  #RescueTeams Glad somebody will know what they're doing. @CityEvents"
2020-04-10 00:22:00,Southton,"FamousMariaCar","re: @RockyFlame Oh of course dear, I do! I wonder when will the school start again."
2020-04-10 00:22:00,Southton,"WarneOctopus1973","re: I think I broke my leg but I canít feel anything. I donít know if itís because of the alcohol or because of the drugs they gave me"
2020-04-10 00:22:00,Southton,"FamousMariaCar","re: But you are broke now #FTWnowCan"
2020-04-10 00:22:00,Southwest,"Barbara_ParsonsDog19","re: my ex-girlfriend is back today."
2020-04-10 00:23:00,Southton,"A1957Holland","re: Can anyone tell me whether it will be an aftershock later today?"
2020-04-10 00:23:00,West Parton,"CharlesCuriousJ","A planet powered by thorium? someone reactors could rescue nuclear power is a crazyway to boil water"
2020-04-10 00:23:00,Safe Town,"AlwaysSafePowerCompany","No worries here, our nuclear power plant has proper shutdown procedures during emergencies like this. We are always taking extra steps to make sure our neighbors are #alwayssafe"
2020-04-10 00:23:00,Southton,"SmartMyersHouse","re: Heís in my backyard @RunningTree "
2020-04-10 00:23:00,Cheddarford,"DarkBowlRinehart","re: Help, sister is trapped in a building, her phone is dying! send help"
2020-04-10 00:23:00,Cheddarford,"DerekNolan","EVERY SINGL ONE OF THEM CANT LISTEN TO ME SO NO THEYRE NOT SMART"
2020-04-10 00:23:00,Southwest,"CandidHouseJohn","re: hmu i m the plug "
2020-04-10 00:23:00,Broadview,"TCandidG","re: @RunningTree Sister where you at"
2020-04-10 00:23:00,West Parton,"RacesRichardBear","re: um where's my car?"
2020-04-10 00:23:00,Southton,"RacesPamHorse","re: @RockyFlame Oh of course dear, I do! I wonder when will the school start again."
2020-04-10 00:23:00,Northwest,"ObnoxiousSheffieldCar1981","re: :derelict_house_building: #OldTownForeva"
2020-04-10 00:23:00,Broadview,"GuapoLamarIcecream","re: BROTHER IS MISSING!! Has anyone seen Walker Tree???"
2020-04-10 00:23:00,Downtown,"FearsAbrahamHorse","re: Govrirnn"
2020-04-10 00:24:00,Northwest,"Syndicated4","dangerous deals. moving chances to make your fortnight even better!"
2020-04-10 00:24:00,Southwest,"WatchesEgglestonOctopus","re: @VanessaCorwin major cell phone was crushed!! thank god Dad bought me that tablet"
2020-04-10 00:24:00,East Parton,"DarkCollettBanana61","re: @HurtsToPurr They want us to think they know what they're doing but they hire people with only a day of training to save YUOR LIFE"
2020-04-10 00:24:00,Downtown,"Richard_FergusonMouse1984","re: @RockyFlame Oh of course dear, I do! I wonder when will the school start again."
2020-04-10 00:24:00,Southton,"WileyAHouse5","re: Im hungry"
2020-04-10 00:24:00,Broadview,"JohnsonHorse1973","re:  Finally some help! #some"
2020-04-10 00:24:00,Southton,"BAttentativeR","re: @ArtistLalisaManoban How do we know you weren't replaced with yuor own clone??????"
2020-04-10 00:24:00,Safe Town,"WileyJoeCar","re: I thought I weasas dead but I didn't hahaha #HateI"
2020-04-10 00:24:00,Oak Willow,"LazyLongoriaBowl1951","re: Heís in my backyard @RunningTree "
2020-04-10 00:24:00,Southton,"Annie45Reese","re: A pahevone cahevarger won't work. Onlyuo if yuoou ahevave a portable  cahevarger. #HateOnlyuo"
2020-04-10 00:24:00,Southton,"WileyLightScottie_Garcia","re: @VanessaCorwin no time to fight we gotta save the world "
2020-04-10 00:24:00,Weston,"Robert2017","re: KRAK TV: Local rescuers welcomed the arrival of federal rescue teams trained in searching for people buried under rubble. "
2020-04-10 00:24:00,Southwest,"HughBusyHowell","re: Yes especially as talented as me"
2020-04-10 00:24:00,Southwest,"RacesJessOctopus","re: why wasnít i invited #leftout"
2020-04-10 00:24:00,Old Town,"TheresaDog1987","re: Are you okay?"
2020-04-10 00:24:00,West Parton,"CantonCoordon2","Make a vibrate and act Monday!"
2020-04-10 00:24:00,Downtown,"FleetJIcecream","re: hmu i m the plug "
2020-04-10 00:24:00,Southwest,"FleetGBread","re:  #RescueTeams Glad somebody will know what they're doing. @CityEvents"
2020-04-10 00:24:00,Weston,"GuapoPlateFrank","re: :derelict_house_building: #OldTownForeva"
2020-04-10 00:25:00,Palace Hills,"WileySHouse","re: They clone bunnies"
2020-04-10 00:25:00,Cheddarford,"GuapoLightCarmelita_Owens","re: why wasnít i invited #leftout"
2020-04-10 00:25:00,Downtown,"FuriousCPlate47","re: @ArtistLalisaManoban How do we know you weren't replaced with yuor own clone??????"
2020-04-10 00:25:00,Weston,"Earlene30S","re: Thanks God my husband is abroad. He's stuck in the airport and I'm glad he cannot come back"
2020-04-10 00:25:00,Southton,"ECleverEstrada","re:  #RescueTeams Glad somebody will know what they're doing. @CityEvents"
2020-04-10 00:25:00,Weston,"CandidSPlate","re: Can anyone tell me whether it will be an aftershock later today?"
2020-04-10 00:25:00,Weston,"RacesMichael_ReesBear","re: @kristen back from where? Tell her not to come the situation is so bad!!"
2020-04-10 00:25:00,Oak Willow,"CuriousCeciliaIcecream","re:  Do the rescue teams need help?"
2020-04-10 00:25:00,Northwest,"FuriousWhatleyHouse","re: KRAK TV: Local rescuers welcomed the arrival of federal rescue teams trained in searching for people buried under rubble. "
2020-04-10 00:26:00,Weston,"Susan_Silveri66","re: @ArtistLalisaManoban How do we know you weren't replaced with yuor own clone??????"
2020-04-10 00:26:00,Southton,"SmartJCouch","re: BROTHER IS MISSING!! Has anyone seen Walker Tree???"
2020-04-10 00:26:00,West Parton,"RacesMary_TurnerOctopus","re: hmu i m the plug "
2020-04-10 00:26:00,Oak Willow,"SmartWCar15","re: @DerekNolan ARE YOU SERIOUS"
2020-04-10 00:26:00,Downtown,"AttentativeBluntIcecream31","re:  I want to live in the alternate timeline where St. Himark is not a ruined mess"
2020-04-10 00:26:00,Oak Willow,"WatchesJudithBird","re: A pahevone cahevarger won't work. Onlyuo if yuoou ahevave a portable  cahevarger. #HateOnlyuo"
2020-04-10 00:26:00,Southton,"LovesMcclureBear","re: Heís in my backyard @RunningTree "
2020-04-10 00:26:00,Old Town,"CuriousPlateAngela","re: I think I broke my leg but I canít feel anything. I donít know if itís because of the alcohol or because of the drugs they gave me"
2020-04-10 00:26:00,Weston,"WatchesTerrie_NolandDog","re: thank you but Iím on a diet"
2020-04-10 00:26:00,Weston,"SusanDarkHoag","re: @RunningTree Sister where you at"
2020-04-10 00:27:00,Southton,"Millard12Salisbury","re: @VanessaCorwin major cell phone was crushed!! thank god Dad bought me that tablet"
2020-04-10 00:27:00,Southwest,"Amanda1954R","re: My dance studio has collapsed! There are people who need help.. Scurry"
2020-04-10 00:27:00,Downtown,"FearsKenneth_RiveraCat","re: hmu i m the plug "
2020-04-10 00:27:00,Old Town,"DarkQCouch81","re:  I want to live in the alternate timeline where St. Himark is not a ruined mess"
2020-04-10 00:27:00,Southwest,"AttentativeBananaEboni","re: why wasnít i invited #leftout"
2020-04-10 00:27:00,Safe Town,"CleverEllisBread67","re: BROTHER IS MISSING!! Has anyone seen Walker Tree???"
2020-04-10 00:27:00,Cheddarford,"EBusyTaylor","re: KRAK TV: Local rescuers welcomed the arrival of federal rescue teams trained in searching for people buried under rubble. "
2020-04-10 00:28:00,Weston,"RacesJenniferMouse","re: They clone bunnies"
2020-04-10 00:28:00,Weston,"JamesCandidMartin","re: A pahevone cahevarger won't work. Onlyuo if yuoou ahevave a portable  cahevarger. #HateOnlyuo"
2020-04-10 00:28:00,Weston,"GuapoEdmundoBowl","re: No perfect clones of human can be made yet"
2020-04-10 00:28:00,West Parton,"JFleetCastle","re: But you are broke now #FTWnowCan"
2020-04-10 00:29:00,Scenic Vista,"TollefsonCat77","re: @ArtistLalisaManoban oh thank heavens!"
2020-04-10 00:29:00,Pepper Mill,"WileyBowlThomas_Lightfoot","re: @VanessaCorwin no time to fight we gotta save the world "
2020-04-10 00:29:00,West Parton,"GuapoMPlate","re: @kristen back from where? Tell her not to come the situation is so bad!!"
2020-04-10 00:29:00,Southton,"MichaelHorse39","re: @VanessaCorwin Im the only one willing to say that this entire city is run by the GOVIRNMENT TO CONTROL OUR BRAINS"
2020-04-10 00:29:00,Downtown,"LovesMary_BrentHorse","re: Woow I woke up in the hospital. Thatís what I get for throwing an apocalypse party"
2020-04-10 00:29:00,Palace Hills,"DarkTolbertLight","re: Yes especially as talented as me"
2020-04-10 00:29:00,Pepper Mill,"Toni93Vance","re: um where's my car?"
2020-04-10 00:29:00,Weston,"Sarah_Cloutier20","re: Ugh because youíre always so flaky @NoFearCher"
2020-04-10 00:29:00,Weston,"FuriousTwiggsCar1987","re: hmu i m the plug "
2020-04-10 00:29:00,Easton,"TallACar","re: They clone bunnies"
2020-04-10 00:29:00,Downtown,"GregoryBear2015","re: @RockyFlame Oh of course dear, I do! I wonder when will the school start again."
2020-04-10 00:29:00,Downtown,"CleverMBread","re: @RunningTree Sister where you at"
2020-04-10 00:29:00,Scenic Vista,"Samuel1951","re:  Thought there were people coming to help. Not seeing anyone yet!"
2020-04-10 00:29:00,Weston,"FamousMistrotCouch82","re: you science moron"
2020-04-10 00:29:00,Downtown,"PaulFleetBurd","re: Can anyone tell me whether it will be an aftershock later today?"
2020-04-10 00:30:00,East Parton,"HoldsTuckerWhale","re: Thanks God my husband is abroad. He's stuck in the airport and I'm glad he cannot come back"
2020-04-10 00:30:00,Downtown,"JenniferDog58","re: Im hungry"
2020-04-10 00:30:00,Southwest,"WileyDonaldPlate","re:  Um, could we get someone @retiredfiremarshall to look at the nuke plant?"
2020-04-10 00:30:00,Weston,"AttentativeReynoldsBowl1966","re: @DerekNolan ARE YOU SERIOUS"
2020-04-10 00:30:00,Cheddarford,"ObnoxiousRHouse","re: Govrirnn"
2020-04-10 00:30:00,Southwest,"BurtonWhale84","re: why wasnít i invited #leftout"
2020-04-10 00:30:00,Weston,"David54A","re: @VanessaCorwin no time to fight we gotta save the world "
2020-04-10 00:30:00,Northwest,"Jason_Caron80","re: No perfect clones of human can be made yet"
2020-04-10 00:30:00,Downtown,"HoldsParsonFish","re: Ugh because youíre always so flaky @NoFearCher"
2020-04-10 00:30:00,Southwest,"GuapoSLight","re: Heís in my backyard @RunningTree "
2020-04-10 00:30:00,Southton,"Jeronimo66","re: Can anyone tell me whether it will be an aftershock later today?"
2020-04-10 00:30:00,Weston,"FastMCandy","re: @ArtistLalisaManoban oh thank heavens!"
2020-04-10 00:30:00,Safe Town,"T2013Thomas","Everywhere we go for help, its a long line. Water, food, taarps, information. One line after another. There has to be a better way!"
2020-04-10 00:30:00,Southwest,"GuapoCandySandra","re: I think I broke my leg but I canít feel anything. I donít know if itís because of the alcohol or because of the drugs they gave me"
2020-04-10 00:31:00,Downtown,"WatchesKimberly_OdomLion","re: @DerekNolan ARE YOU SERIOUS"
2020-04-10 00:31:00,West Parton,"FearsMary_SchultzBird","re: Govrirnn"
2020-04-10 00:31:00,West Parton,"WatchesColemanBird","re: my ex-girlfriend is back today."
2020-04-10 00:31:00,Safe Town,"GuapoABread29","re: They clone bunnies"
2020-04-10 00:31:00,Southton,"D99Johnson","re: A pahevone cahevarger won't work. Onlyuo if yuoou ahevave a portable  cahevarger. #HateOnlyuo"
2020-04-10 00:31:00,Terrapin Springs,"TallMillsBread","re: Yuo all hate me because I tell yuo the truth #WinsYuo"
2020-04-10 00:31:00,Old Town,"DouglasCleverWarthen","re: Woow I woke up in the hospital. Thatís what I get for throwing an apocalypse party"
2020-04-10 00:31:00,Downtown,"TCleverL","re: PHONE IS DYING!!! HELP!!!"
2020-04-10 00:31:00,Weston,"Beatrice32","re: guys follow me on streaming music i will keep u updated about the situation"
2020-04-10 00:31:00,Oak Willow,"Nancy1969Hastings","re: hmu i m the plug "
2020-04-10 00:32:00,Weston,"Ryan2011","re: Can anyone tell me whether it will be an aftershock later today?"
2020-04-10 00:32:00,Weston,"Thomas1973","re:  How long will it take for people to get here? My neighborhood is trashed"
2020-04-10 00:32:00,Old Town,"BusyCarMelinda","re: Help, sister is trapped in a building, her phone is dying! send help"
2020-04-10 00:32:00,Southwest,"Nicholas73J","re:  Yay! Me first!"
2020-04-10 00:32:00,Southwest,"Nicole_SmithBear88","re:  Do the rescue teams need help?"
2020-04-10 00:32:00,Palace Hills,"LovesCarrozzaLion","re: I saw a phone charger in the dirt "
2020-04-10 00:32:00,East Parton,"AttentativeHCar","re:  Um, could we get someone @retiredfiremarshall to look at the nuke plant?"
2020-04-10 00:32:00,Palace Hills,"Ferguson97","re: @DerekNolan ARE YOU SERIOUS"
2020-04-10 00:32:00,Weston,"SmithersDog34","re: @RunningTree Sister where you at"
2020-04-10 00:32:00,Weston,"AttentativeJLight","You puny fly-bitten bum-bailey!"
2020-04-10 00:32:00,Downtown,"FearsRichard_BarnesOctopus","re: @VanessaCorwin no time to fight we gotta save the world "
2020-04-10 00:33:00,Downtown,"FastBananaJessie_Mack","re: my ex-girlfriend is back today."
2020-04-10 00:33:00,Old Town,"BennettBear2017","re:  I want to live in the alternate timeline where St. Himark is not a ruined mess"
2020-04-10 00:33:00,Downtown,"John_Allison89","re: No one can replace me!!! Can't afford a clone rn"
2020-04-10 00:33:00,Southwest,"GuapoSCar","re: Thanks God my husband is abroad. He's stuck in the airport and I'm glad he cannot come back"
2020-04-10 00:33:00,Scenic Vista,"Heather2009","re: I wonder why @Francisodaggins didnít come though"
2020-04-10 00:33:00,Southton,"ObnoxiousWBanana1957","re: thank you but Iím on a diet"
2020-04-10 00:33:00,Southton,"Julia_BurgerBear1974","re: @EllaChang I thout I was done with yuo, liar"
2020-04-10 00:33:00,Broadview,"LazyWBread","re: PHONE IS DYING!!! HELP!!!"
2020-04-10 00:33:00,Broadview,"FleetPeaceIcecream","re: guys follow me on streaming music i will keep u updated about the situation"
2020-04-10 00:33:00,Pepper Mill,"LazyBoothBowl","re: @VanessaCorwin no time to fight we gotta save the world "
2020-04-10 00:33:00,Downtown,"FastCandyPatricia_Schilling","re: No perfect clones of human can be made yet"
2020-04-10 00:33:00,Northwest,"KFamousG","re:  Thought there were people coming to help. Not seeing anyone yet!"
2020-04-10 00:33:00,Weston,"CleverBowlRichard_Miller","re: @DerekNolan ARE YOU SERIOUS"
2020-04-10 00:33:00,Cheddarford,"Elizabeth_ShawDog54","re:  Yay! Me first!"
2020-04-10 00:33:00,Downtown,"RFamousFenstermacher","re: why wasnít i invited #leftout"
2020-04-10 00:33:00,Old Town,"Karen2005D","re: They clone bunnies"
2020-04-10 00:33:00,Southton,"Benford1973","re: I thought I weasas dead but I didn't hahaha #HateI"
2020-04-10 00:33:00,Southton,"LazyGracieCar","re: Woow I woke up in the hospital. Thatís what I get for throwing an apocalypse party"
2020-04-10 00:33:00,Southwest,"DarkLightCharles_Fornili","re: EVERY SINGL ONE OF THEM CANT LISTEN TO ME SO NO THEYRE NOT SMART"
2020-04-10 00:34:00,Downtown,"JeffreyBusyD","re: um where's my car?"
2020-04-10 00:34:00,Southwest,"FamousBananaBlanks","re: thank you but Iím on a diet"
2020-04-10 00:34:00,Southwest,"Carlos_Gordon83","re: @VanessaCorwin major cell phone was crushed!! thank god Dad bought me that tablet"
2020-04-10 00:34:00,Southton,"Richard14B","re:  Finally some help! #some"
2020-04-10 00:34:00,Easton,"FleetClarkeIcecream1980","re: Can anyone tell me whether it will be an aftershock later today?"
2020-04-10 00:34:00,East Parton,"ObnoxiousWLight1956","re:  Thought there were people coming to help. Not seeing anyone yet!"
2020-04-10 00:34:00,Southwest,"Nicholas73J","re: @RunningTree "
2020-04-10 00:34:00,East Parton,"SmartWhiteCandy","re:  Yay! Me first!"
2020-04-10 00:34:00,Terrapin Springs,"AttentativeHBowl","re: @VanessaCorwin #numbguirlsgetstuffdone #FTWVanessaCorwinWonder"
2020-04-10 00:34:00,Weston,"SmartPaulLight","re: My dance studio has collapsed! There are people who need help.. Scurry"
2020-04-10 00:34:00,Northwest,"GuapoCarPortillo","re: my ex-girlfriend is back today."
2020-04-10 00:34:00,Southton,"TracyCleverJ","re: Woow I woke up in the hospital. Thatís what I get for throwing an apocalypse party"
2020-04-10 00:34:00,Northwest,"HoldsShirley_JacksonWhale","re: @VanessaCorwin Im the only one willing to say that this entire city is run by the GOVIRNMENT TO CONTROL OUR BRAINS"
2020-04-10 00:35:00,Downtown,"Mitchell2002","re: you science moron"
2020-04-10 00:35:00,Southwest,"FearsEarlBird","re: Ugh because youíre always so flaky @NoFearCher"
2020-04-10 00:35:00,Southton,"Huynh1972","re: But you are broke now #FTWnowCan"
2020-04-10 00:35:00,Downtown,"FleetMeghanBanana","re: @ArtistLalisaManoban How do we know you weren't replaced with yuor own clone??????"
2020-04-10 00:35:00,Downtown,"FleetEPlate","re: I wonder why @Francisodaggins didnít come though"
2020-04-10 00:35:00,Southwest,"LovesEileenBear","re: @RunningTree "
2020-04-10 00:35:00,Downtown,"FamousCarCynthia_Powe","re: :derelict_house_building: #OldTownForeva"
2020-04-10 00:35:00,Southton,"AttentativeHouseElliott","re:  Yay! Me first!"
2020-04-10 00:35:00,Southton,"FamousBananaLeo","re: No perfect clones of human can be made yet"
2020-04-10 00:35:00,Southton,"WileyLightScottie_Garcia","re: @VanessaCorwin hospital!? how dare you have these adventures without me! omw to you now"
2020-04-10 00:35:00,Cheddarford,"WatchesNathan_SheehanHorse","re:  @VanessaCorwin wanna share any happy drugs ? :slightly_smiling_face:"
2020-04-10 00:36:00,Southwest,"TCuriousJ","re: Im hungry"
2020-04-10 00:36:00,Downtown,"Richard_FergusonMouse1984","re: No worries here, our nuclear power plant has proper shutdown procedures during emergencies like this. We are always taking extra steps to make sure our neighbors are #alwayssafe"
2020-04-10 00:36:00,Downtown,"Keith_Chavez99","re: Can anyone tell me whether it will be an aftershock later today?"
2020-04-10 00:36:00,Northwest,"FastBananaIsmael_Carkhuff","re:  @DerekNolan omg really? you think they're that smart ?"
2020-04-10 00:36:00,Southton,"Forrest_MooreOctopus36","re: um where's my car?"
2020-04-10 00:36:00,Southton,"WarneOctopus1973","re: Thanks God my husband is abroad. He's stuck in the airport and I'm glad he cannot come back"
2020-04-10 00:37:00,Downtown,"CuriousLightJanice_Walling","You mammering weather-bitten pignut!"
2020-04-10 00:37:00,Southwest,"Robert_HolmanDog37","re:  Yay! Me first!"
2020-04-10 00:37:00,Weston,"JamesCandidMartin","re: does anyone need any candles, i used to date a witch and have some to spare"
2020-04-10 00:37:00,Cheddarford,"HoldsEileenDog","re: I thought I weasas dead but I didn't hahaha #HateI"
2020-04-10 00:37:00,Southton,"LovesKeithWhale","re: EVERY SINGL ONE OF THEM CANT LISTEN TO ME SO NO THEYRE NOT SMART"
2020-04-10 00:37:00,Palace Hills,"WileySHouse","re: @DerekNolan ARE YOU SERIOUS"
2020-04-10 00:37:00,Southton,"ScottSmartToupin","re:  Do the rescue teams need help?"
2020-04-10 00:38:00,Weston,"CandidSchultzCandy89","re:  Yay! Me first!"
2020-04-10 00:38:00,Weston,"RunsAnthony_TranBear","re:  Um, could we get someone @retiredfiremarshall to look at the nuke plant?"
2020-04-10 00:38:00,Southwest,"FastBCandy16","re: But you are broke now #FTWnowCan"
2020-04-10 00:38:00,Weston,"PriceBear2001","re: Yes especially as talented as me"
2020-04-10 00:38:00,Weston,"CandidBilboPlate1983","re:  How long will it take for people to get here? My neighborhood is trashed"
2020-04-10 00:38:00,Weston,"HerbertBusyM","re:  @VanessaCorwin wanna share any happy drugs ? :slightly_smiling_face:"
2020-04-10 00:38:00,Weston,"CuriousIBread","re: EVERY SINGL ONE OF THEM CANT LISTEN TO ME SO NO THEYRE NOT SMART"
2020-04-10 00:38:00,Southwest,"George1992Sims","re:  Do the rescue teams need help?"
2020-04-10 00:38:00,Oak Willow,"LazyHouseFitzgerald","re: um where's my car?"
2020-04-10 00:38:00,Southwest,"Phyllis1957","re: new indie music group album is :fire:"
2020-04-10 00:39:00,Downtown,"CuriousCandyCohen","re:  Yay! Me first!"
2020-04-10 00:39:00,Weston,"Angela1956","re: A pahevone cahevarger won't work. Onlyuo if yuoou ahevave a portable  cahevarger. #HateOnlyuo"
2020-04-10 00:39:00,Northwest,"Peter79Woodruff","re: @VanessaCorwin major cell phone was crushed!! thank god Dad bought me that tablet"
2020-04-10 00:39:00,Broadview,"AttentativeLisaBread","re:  Finally some help! #some"
2020-04-10 00:39:00,Safe Town,"Layne1985","re: @DerekNolan ARE YOU SERIOUS"
2020-04-10 00:39:00,Weston,"Mittie45","re:  Do the rescue teams need help?"
2020-04-10 00:39:00,Downtown,"D2014Duran","re: EVERY SINGL ONE OF THEM CANT LISTEN TO ME SO NO THEYRE NOT SMART"
2020-04-10 00:39:00,Terrapin Springs,"CleverMPlate89","re: um where's my car?"
2020-04-10 00:39:00,Weston,"J81Montgomery","re: thank you but Iím on a diet"
2020-04-10 00:40:00,Weston,"Lamison2012","re: @HurtsToPurr They want us to think they know what they're doing but they hire people with only a day of training to save YUOR LIFE"
2020-04-10 00:40:00,Oak Willow,"H48Eager","re: thank you but Iím on a diet"
2020-04-10 00:40:00,Oak Willow,"Scott2010","re: @RunningTree Sister where you at"
2020-04-10 00:40:00,Downtown,"HoldsBowmanHorse","re:  @VanessaCorwin wanna share any happy drugs ? :slightly_smiling_face:"
2020-04-10 00:40:00,Safe Town,"FleetIIcecream","re: hmu i m the plug "
2020-04-10 00:40:00,Broadview,"LovesRoyCat","re: Yuo all hate me because I tell yuo the truth #WinsYuo"
2020-04-10 00:40:00,Weston,"Della_FarnsworthDog1964","re:  Do the rescue teams need help?"
2020-04-10 00:40:00,Southwest,"SmartHouseEllen_Thornton","re: @VanessaCorwin no time to fight we gotta save the world "
2020-04-10 00:40:00,Southton,"CuriousRCouch","re: @ArtistLalisaManoban How do we know you weren't replaced with yuor own clone??????"
2020-04-10 00:40:00,Cheddarford,"CleverOliverHouse50","re:  Yay! Me first!"
2020-04-10 00:40:00,Downtown,"CarlFastY","re: @VanessaCorwin hospital!? how dare you have these adventures without me! omw to you now"
2020-04-10 00:40:00,Southton,"JObnoxiousL","re: No perfect clones of human can be made yet"
2020-04-10 00:41:00,Weston,"CuriousJBread","re: No worries here, our nuclear power plant has proper shutdown procedures during emergencies like this. We are always taking extra steps to make sure our neighbors are #alwayssafe"
2020-04-10 00:41:00,Downtown,"FastRCouch","re: @RunningTree "
2020-04-10 00:41:00,Southwest,"FastTPlate","re: @DerekNolan ARE YOU SERIOUS"
2020-04-10 00:41:00,Southwest,"BusyMHouse","re: :derelict_house_building: #OldTownForeva"
2020-04-10 00:41:00,Palace Hills,"Mabel_MixBird40","re:  Thought there were people coming to help. Not seeing anyone yet!"
2020-04-10 00:41:00,Northwest,"Betty_LoveladyLion60","re:  Finally some help! #some"
2020-04-10 00:41:00,Chapparal,"CandidLightRicardo_Taylor","re: Yes especially as talented as me"
2020-04-10 00:41:00,Cheddarford,"FamousLightAnn_Sanchez","re: Ugh because youíre always so flaky @NoFearCher"
2020-04-10 00:41:00,West Parton,"JAttentativeJ","re: hmu i m the plug "
2020-04-10 00:41:00,Downtown,"MilburnHorse1955","re: @EllaChang I thout I was done with yuo, liar"
2020-04-10 00:41:00,Old Town,"C1980Irvin","re:  @DerekNolan omg really? you think they're that smart ?"
2020-04-10 00:41:00,Cheddarford,"CleverCouchKathy","re: @HurtsToPurr They want us to think they know what they're doing but they hire people with only a day of training to save YUOR LIFE"
2020-04-10 00:41:00,Southton,"Bernard32Gonzalez","re: @ArtistLalisaManoban How do we know you weren't replaced with yuor own clone??????"
2020-04-10 00:41:00,Weston,"JonesWhale21","re:  How long will it take for people to get here? My neighborhood is trashed"
2020-04-10 00:41:00,Downtown,"WileyMCar","re: No perfect clones of human can be made yet"
2020-04-10 00:42:00,Weston,"Eric52Bledsoe","re: Everywhere we go for help, its a long line. Water, food, taarps, information. One line after another. There has to be a better way!"
2020-04-10 00:42:00,Easton,"Opportunities1","interesting sale, go and vibrate things up and make your day more exciting!"
2020-04-10 00:42:00,Downtown,"T2007Ball","re: @RockyFlame Oh of course dear, I do! I wonder when will the school start again."
2020-04-10 00:42:00,Broadview,"WileyTBanana95","re: @DerekNolan ARE YOU SERIOUS"
2020-04-10 00:42:00,Southton,"FearsTheresa_HaleyMouse","re: :derelict_house_building: #OldTownForeva"
2020-04-10 00:42:00,Weston,"Nora_GilbertBird2001","re: why wasnít i invited #leftout"
2020-04-10 00:42:00,Downtown,"AttentativeIcecreamOrchard","re: thank you but Iím on a diet"
2020-04-10 00:42:00,Cheddarford,"HoldsEileenDog","re: um where's my car?"
2020-04-10 00:42:00,Southwest,"FamousBananaBlanks","re: @HurtsToPurr They want us to think they know what they're doing but they hire people with only a day of training to save YUOR LIFE"
2020-04-10 00:43:00,Downtown,"AttentativeHarkeyHouse1974","re:  I want to live in the alternate timeline where St. Himark is not a ruined mess"
2020-04-10 00:43:00,Palace Hills,"GuapoMethenyBread","re: No worries here, our nuclear power plant has proper shutdown procedures during emergencies like this. We are always taking extra steps to make sure our neighbors are #alwayssafe"
2020-04-10 00:43:00,Southton,"MelissaFleetL","re: Woow I woke up in the hospital. Thatís what I get for throwing an apocalypse party"
2020-04-10 00:43:00,Downtown,"ACuriousP","re: Yuo all hate me because I tell yuo the truth #WinsYuo"
2020-04-10 00:43:00,Broadview,"RunsAaronFish","re: new indie music group album is :fire:"
2020-04-10 00:43:00,East Parton,"DarkGraceCar","re:  Do the rescue teams need help?"
2020-04-10 00:43:00,Oak Willow,"Whitehead1993","@WatchesMichael_ObrienMouse Start downloading the rumble app straight away!"
2020-04-10 00:43:00,Downtown,"JohnFish93","re: Local rescuers welcome the arrival of federal teams trained in how to rescue people trapped in collapsed buildings. #Haterescue"
2020-04-10 00:43:00,Palace Hills,"Bruce_GuidottiFish1982","re: @VanessaCorwin no time to fight we gotta save the world "
2020-04-10 00:44:00,Downtown,"LovesTheresa_KeyserBear","re:  Do the rescue teams need help?"
2020-04-10 00:44:00,Old Town,"David_Mcgrath1966","re: does anyone need any candles, i used to date a witch and have some to spare"
2020-04-10 00:44:00,Weston,"Susan1955","re:  Finally some help! #some"
2020-04-10 00:44:00,Southwest,"WileyMccardleCar50","Protect Yourself From anything anyone someone For it Of she it it and they They suppo it so long as it doesn't relate to them."
2020-04-10 00:44:00,Weston,"WilliamBusyStgermain","re: Can anyone tell me whether it will be an aftershock later today?"
2020-04-10 00:44:00,Southwest,"Rydberg89","re: @DerekNolan ARE YOU SERIOUS"
2020-04-10 00:44:00,Southwest,"TallSwaffordCandy21","re: I saw a phone charger in the dirt "
2020-04-10 00:44:00,Cheddarford,"Benjamin48","re: @HurtsToPurr They want us to think they know what they're doing but they hire people with only a day of training to save YUOR LIFE"
2020-04-10 00:44:00,Weston,"Angela1956","Couple nuclear power plants?"
2020-04-10 00:45:00,Weston,"Katrina_EspinozaCat1984","re: No one can replace me!!! Can't afford a clone rn"
2020-04-10 00:45:00,Cheddarford,"WileyWootenBowl","re: @DerekNolan ARE YOU SERIOUS"
2020-04-10 00:45:00,Southton,"TallDBanana","re: EVERY SINGL ONE OF THEM CANT LISTEN TO ME SO NO THEYRE NOT SMART"
2020-04-10 00:45:00,Easton,"DarkPlateFrederick_Tucker","re: new indie music group album is :fire:"
2020-04-10 00:45:00,West Parton,"RunsSmithOctopus","re: No perfect clones of human can be made yet"
2020-04-10 00:45:00,Southton,"FastPBread72","re:  How long will it take for people to get here? My neighborhood is trashed"
2020-04-10 00:45:00,Southton,"DarkSusanBread","re: My dance studio has collapsed! There are people who need help.. Scurry"
2020-04-10 00:45:00,Palace Hills,"PWileyHall","re: @kristen back from where? Tell her not to come the situation is so bad!!"
2020-04-10 00:45:00,Weston,"SmartCandyCrutchfield","re: I thought we were firendsriends @Francisodaggins!!"
2020-04-10 00:45:00,Southton,"BusyPlateSailor","re: Thanks God my husband is abroad. He's stuck in the airport and I'm glad he cannot come back"
2020-04-10 00:45:00,Cheddarford,"TallPPlate","re: @RunningTree "
2020-04-10 00:45:00,Southton,"Ronald15Wooten","re: um where's my car?"
2020-04-10 00:46:00,Northwest,"Marion1952R","re: I saw a phone charger in the dirt "
2020-04-10 00:46:00,Downtown,"Walter90P","re: EVERY SINGL ONE OF THEM CANT LISTEN TO ME SO NO THEYRE NOT SMART"
2020-04-10 00:46:00,Weston,"DFamousLamke","re: @Rescue14 could use an extra set of hands unloading the truck on West St"
2020-04-10 00:46:00,Downtown,"ObnoxiousGarciaBanana50","re: No perfect clones of human can be made yet"
2020-04-10 00:46:00,Chapparal,"Mark_WardDog3","re: Woow I woke up in the hospital. Thatís what I get for throwing an apocalypse party"
2020-04-10 00:46:00,Southton,"AttentativeCCandy","re: thank you but Iím on a diet"
2020-04-10 00:46:00,Downtown,"BLazyJuarez","re: @HurtsToPurr They want us to think they know what they're doing but they hire people with only a day of training to save YUOR LIFE"
2020-04-10 00:46:00,Northwest,"SmartPlateKane","Tainted food, bribery, issues wtihith nuclear powtiher is a nuclear powtiher plants are just too expensive to build. See wtihhat someone she says:"
2020-04-10 00:46:00,Broadview,"SelmaLion50","re: @DerekNolan ARE YOU SERIOUS"
2020-04-10 00:47:00,Broadview,"FamousLealBowl2007","re: EVERY SINGL ONE OF THEM CANT LISTEN TO ME SO NO THEYRE NOT SMART"
2020-04-10 00:47:00,Weston,"FamousKCouch2007","re: Local rescuers welcome the arrival of federal teams trained in how to rescue people trapped in collapsed buildings. #Haterescue"
2020-04-10 00:47:00,Northwest,"RenaFuriousY","re: Woow I woke up in the hospital. Thatís what I get for throwing an apocalypse party"
2020-04-10 00:47:00,Northwest,"AttentativeDCandy","re: No worries here, our nuclear power plant has proper shutdown procedures during emergencies like this. We are always taking extra steps to make sure our neighbors are #alwayssafe"
2020-04-10 00:47:00,Palace Hills,"CleverCandyElaine_Marte","re: But you are broke now #FTWnowCan"
2020-04-10 00:47:00,Weston,"Wilkins1976","re: Thanks God my husband is abroad. He's stuck in the airport and I'm glad he cannot come back"
2020-04-10 00:47:00,Palace Hills,"FuriousCBread","re: I thought we were firendsriends @Francisodaggins!!"
2020-04-10 00:47:00,East Parton,"Peggy2001Dunson","re: Are you okay?"
2020-04-10 00:48:00,Downtown,"LovesTheresa_KeyserBear","re: @HurtsToPurr They want us to think they know what they're doing but they hire people with only a day of training to save YUOR LIFE"
2020-04-10 00:48:00,Southwest,"Morse1989","re: No worries here, our nuclear power plant has proper shutdown procedures during emergencies like this. We are always taking extra steps to make sure our neighbors are #alwayssafe"
2020-04-10 00:48:00,Downtown,"Lina1996","re: A pahevone cahevarger won't work. Onlyuo if yuoou ahevave a portable  cahevarger. #HateOnlyuo"
2020-04-10 00:48:00,Weston,"Della_FarnsworthDog1964","re: @Rescue14 could use an extra set of hands unloading the truck on West St"
2020-04-10 00:48:00,Southwest,"LazyMCouch","re: Staging Downtorn, awaiting dispatch instructions"
2020-04-10 00:49:00,Safe Town,"D69Steele","re: :derelict_house_building: #OldTownForeva"
2020-04-10 00:49:00,Southwest,"VCandidBeaulieu","re: new indie music group album is :fire:"
2020-04-10 00:49:00,Downtown,"AttentativeIcecreamOrchard","re:  Thought there were people coming to help. Not seeing anyone yet!"
2020-04-10 00:49:00,Southwest,"SmartAIcecream44","re: Everywhere we go for help, its a long line. Water, food, taarps, information. One line after another. There has to be a better way!"
2020-04-10 00:49:00,Weston,"Brenda97","re:  I want to live in the alternate timeline where St. Himark is not a ruined mess"
2020-04-10 00:49:00,Palace Hills,"TurnerBear39","re: Thanks God my husband is abroad. He's stuck in the airport and I'm glad he cannot come back"
2020-04-10 00:49:00,Cheddarford,"JFamousD","re:  @DerekNolan omg really? you think they're that smart ?"
2020-04-10 00:50:00,Cheddarford,"HoldsWilliamBear","re: Everywhere we go for help, its a long line. Water, food, taarps, information. One line after another. There has to be a better way!"
2020-04-10 00:50:00,Southwest,"Amanda1954R","re:  Do the rescue teams need help?"
2020-04-10 00:50:00,Downtown,"AttentativeBananaAlpers","re: I thought we were firendsriends @Francisodaggins!!"
2020-04-10 00:50:00,Weston,"AlmaAttentativeS","re: @VanessaCorwin Im the only one willing to say that this entire city is run by the GOVIRNMENT TO CONTROL OUR BRAINS"
2020-04-10 00:51:00,Safe Town,"RunsFelicitasBird","re: I thought we were firendsriends @Francisodaggins!!"
2020-04-10 00:51:00,Broadview,"SmartCarPhilip_Hargrave","re: @EllaChang PROVE ME RONG"
2020-04-10 00:51:00,Old Town,"CleverAmyIcecream","re: Can anyone tell me whether it will be an aftershock later today?"
2020-04-10 00:51:00,Weston,"JordanWantsBac0n","appealing sale, go and move things up and make your week more exciting! @Syndicated4"
2020-04-10 00:51:00,Southwest,"Fernando42","re: No worries here, our nuclear power plant has proper shutdown procedures during emergencies like this. We are always taking extra steps to make sure our neighbors are #alwayssafe"
2020-04-10 00:51:00,Pepper Mill,"Jonathan_LacyWhale2011","anyone they it something anything they he he anything it &lt;-Reprocessing nuclear waste and need for water to run the @Lamison2012 plant."
2020-04-10 00:52:00,Old Town,"Emil_Bearden32","re: But you are broke now #FTWnowCan"
2020-04-10 00:52:00,Palace Hills,"Theresa_Pugh35","re: I thought we were firendsriends @Francisodaggins!!"
2020-04-10 00:52:00,Downtown,"LovesPhyllis_GunnDog","re: Staging Downtorn, awaiting dispatch instructions"
2020-04-10 00:52:00,Downtown,"TCleverL","re: No worries here, our nuclear power plant has proper shutdown procedures during emergencies like this. We are always taking extra steps to make sure our neighbors are #alwayssafe"
2020-04-10 00:53:00,Oak Willow,"CleverPlateSims","re:  I want to live in the alternate timeline where St. Himark is not a ruined mess"
2020-04-10 00:53:00,Palace Hills,"DarkHowardBowl","re: @Rescue14 could use an extra set of hands unloading the truck on West St"
2020-04-10 00:53:00,Downtown,"JFleetRigel","re: Yes especially as talented as me"
2020-04-10 00:53:00,Oak Willow,"RacesJane_KempfBear","re: I think I broke my leg but I canít feel anything. I donít know if itís because of the alcohol or because of the drugs they gave me"
2020-04-10 00:53:00,Southton,"David1981","re: Local rescuers welcome the arrival of federal teams trained in how to rescue people trapped in collapsed buildings. #Haterescue"
2020-04-10 00:54:00,Cheddarford,"Syndicated5","intriguing sale, go and vibrate things up and amkeake your week amkeore exciting!"
2020-04-10 00:54:00,Downtown,"Joseph2005Tant","re: No worries here, our nuclear power plant has proper shutdown procedures during emergencies like this. We are always taking extra steps to make sure our neighbors are #alwayssafe"
2020-04-10 00:54:00,Weston,"GuapoLightConnie_Melby","Start using downloading rumble, now!"
2020-04-10 00:54:00,Southton,"Jessica_VillegasWhale2001","re:  @DerekNolan omg really? you think they're that smart ?"
2020-04-10 00:54:00,West Parton,"CandidJanetBanana","re: Staging Downtorn, awaiting dispatch instructions"
2020-04-10 00:55:00,Oak Willow,"LovesAtkinsonHorse","re:  Thought there were people coming to help. Not seeing anyone yet!"
2020-04-10 00:55:00,Easton,"RacesLissetteBear","re: No worries here, our nuclear power plant has proper shutdown procedures during emergencies like this. We are always taking extra steps to make sure our neighbors are #alwayssafe"
2020-04-10 00:55:00,Weston,"Wilkins1976","re: @Rescue14 could use an extra set of hands unloading the truck on West St"
2020-04-10 00:55:00,Southton,"RichardCandidD","re: @HurtsToPurr They want us to think they know what they're doing but they hire people with only a day of training to save YUOR LIFE"
2020-04-10 00:56:00,Southwest,"DarkLightCharles_Fornili","re: Thanks God my husband is abroad. He's stuck in the airport and I'm glad he cannot come back"
2020-04-10 00:56:00,West Parton,"FastACar87","re:  @DerekNolan omg really? you think they're that smart ?"
2020-04-10 00:56:00,Safe Town,"Jason_EverettWhale1972","re: EVERY SINGL ONE OF THEM CANT LISTEN TO ME SO NO THEYRE NOT SMART"
2020-04-10 00:56:00,Terrapin Springs,"CleverMPlate89","re: PHONE IS DYING!!! HELP!!!"
2020-04-10 00:57:00,Southwest,"Carlos_Gordon83","re: Yes especially as talented as me"
2020-04-10 00:57:00,Broadview,"CandidCouchMary","re:  I want to live in the alternate timeline where St. Himark is not a ruined mess"
2020-04-10 00:57:00,Downtown,"SteveWhale1998","re:  @DerekNolan omg really? you think they're that smart ?"
2020-04-10 00:57:00,Terrapin Springs,"Helen_NewburyBear64","re: new indie music group album is :fire:"
2020-04-10 00:58:00,Weston,"Eva1983S","re: Yuo all hate me because I tell yuo the truth #WinsYuo"
2020-04-10 00:59:00,Oak Willow,"SmartHouseWalter","re: @Rescue14 could use an extra set of hands unloading the truck on West St"
2020-04-10 01:00:00,Wilson Forest,"CuriousBananaSmelser","I dont think anyone could survive after a building falls on them!"
2020-04-10 01:00:00,Southton,"RacesPamHorse","re: I thought we were firendsriends @Francisodaggins!!"
2020-04-10 01:00:00,Cheddarford,"WileyWootenBowl","re: new indie music group album is :fire:"
2020-04-10 01:01:00,Weston,"HoldsFlynnHorse","Start downloading the rumble app immediately!"
2020-04-10 01:01:00,Palace Hills,"RodriguezBird2","re: Everywhere we go for help, its a long line. Water, food, taarps, information. One line after another. There has to be a better way!"
2020-04-10 01:01:00,Northwest,"SAttentativeSmithey","re: Local rescuers welcome the arrival of federal teams trained in how to rescue people trapped in collapsed buildings. #Haterescue"
2020-04-10 01:02:00,Old Town,"FuriousLightEric","re: No worries here, our nuclear power plant has proper shutdown procedures during emergencies like this. We are always taking extra steps to make sure our neighbors are #alwayssafe"
2020-04-10 01:02:00,Southton,"CandidMartinLight19","re: Thanks God my husband is abroad. He's stuck in the airport and I'm glad he cannot come back"
2020-04-10 01:02:00,Southton,"TallIcecreamStewart","re:  @DerekNolan omg really? you think they're that smart ?"
2020-04-10 01:03:00,Cheddarford,"RobertFamousV","re: No worries here, our nuclear power plant has proper shutdown procedures during emergencies like this. We are always taking extra steps to make sure our neighbors are #alwayssafe"
2020-04-10 01:03:00,Terrapin Springs,"ThomasBird37","re: No one can replace me!!! Can't afford a clone rn"
2020-04-10 01:03:00,Southton,"Lachelle1954","re: PHONE IS DYING!!! HELP!!!"
2020-04-10 01:04:00,Chapparal,"SmartIcecreamPein","re: I saw a phone charger in the dirt "
2020-04-10 01:04:00,Weston,"FleetRackhamCouch2005","re: um where's my car?"
2020-04-10 01:04:00,Downtown,"CandidALight","re: Woow I woke up in the hospital. Thatís what I get for throwing an apocalypse party"
2020-04-10 01:05:00,Cheddarford,"GuapoWilsonBread","re: But you are broke now #FTWnowCan"
2020-04-10 01:05:00,Cheddarford,"Carl_RobinsonDog2002","re: @Rescue14 could use an extra set of hands unloading the truck on West St"
2020-04-10 01:05:00,Downtown,"FinleyCat84","re: thank you but Iím on a diet"
2020-04-10 01:05:00,East Parton,"LazyEBanana1960","re: No worries here, our nuclear power plant has proper shutdown procedures during emergencies like this. We are always taking extra steps to make sure our neighbors are #alwayssafe"
2020-04-10 01:05:00,Weston,"TallMobiliaCouch1964","re: um where's my car?"
2020-04-10 01:05:00,Cheddarford,"JosephBusyJorgensen","re:  Um, could we get someone @retiredfiremarshall to look at the nuke plant?"
2020-04-10 01:07:00,Palace Hills,"CleverShahIcecream","&The right thing to do: it for nuclear power plant? If there is a nuclear power"
2020-04-10 01:08:00,Southwest,"Syndicated348","Time to change your day! Only Six days left to take advantage of this thrilling, shaking event!"
2020-04-10 01:10:00,Downtown,"Brittany_SanchezDog61","re: But you are broke now #FTWnowCan"
2020-04-10 01:11:00,Weston,"JObnoxiousMarkert","re: @VanessaCorwin hospital!? how dare you have these adventures without me! omw to you now"
2020-04-10 01:11:00,Weston,"Shane_Tartaglia7","No. someone in noh they around a nuclear power plants,oil drilling,get a patriot in charge,this verbal diarrhea has gone far enough!"
2020-04-10 01:12:00,Southwest,"CleverStarkCar","re: Local rescuers welcome the arrival of federal teams trained in how to rescue people trapped in collapsed buildings. #Haterescue"
2020-04-10 01:12:00,Oak Willow,"GuapoSantaPlate19","re: I dont think anyone could survive after a building falls on them!"
2020-04-10 01:13:00,Easton,"Katina_Hwang77","re: No one can replace me!!! Can't afford a clone rn"
2020-04-10 01:13:00,Southton,"Villa1982","re: @EllaChang PROVE ME RONG"
2020-04-10 01:13:00,Weston,"James76G","re: @VanessaCorwin #numbguirlsgetstuffdone #FTWVanessaCorwinWonder"
2020-04-10 01:14:00,East Parton,"ObnoxiousBCouch","re: @VanessaCorwin Im the only one willing to say that this entire city is run by the GOVIRNMENT TO CONTROL OUR BRAINS"
2020-04-10 01:14:00,Southwest,"Barbara2018Frank","re: I dont think anyone could survive after a building falls on them!"
2020-04-10 01:16:00,Southwest,"WatchesEva_CarringtonBear","re: I thought I weasas dead but I didn't hahaha #HateI"
2020-04-10 01:16:00,Broadview,"FuriousSLight","I am annoyed by my tottering maggot-pie neighbor."
2020-04-10 01:17:00,Southton,"WileyGaitherBanana","I hate all the bootless bugbears lying around..."
2020-04-10 01:17:00,Southton,"AttentativeHouseElliott","re: I dont think anyone could survive after a building falls on them!"
2020-04-10 01:19:00,Downtown,"handle","Time to change your fortnight! Only Five days left to take advantage of this thrilling, moving event!"
2020-04-10 01:21:00,Southton,"JeremiahCuriousR","re: I dont think anyone could survive after a building falls on them!"
2020-04-10 01:22:00,Southwest,"Bernice_EdwardsMouse1991","re: I dont think anyone could survive after a building falls on them!"
2020-04-10 01:22:00,Southton,"Julia_BurgerBear1974","Some onion-eyed clack-dish cut me off this morning."
2020-04-10 01:23:00,Southwest,"ObnoxiousLightBunker","I hate all the frothy clotpoles lying around..."
2020-04-10 01:23:00,Downtown,"FleetHBread","re: I dont think anyone could survive after a building falls on them!"
2020-04-10 01:30:00,Downtown,"SteveWhale1998","I am annoyed by my roguish measle  neighbor."
2020-04-10 01:30:00,East Parton,"RunsTaylorMouse","This rain is not helping!"
2020-04-10 01:33:00,Broadview,"TallHousePoirier","You jarring base-court haggard! #Greatbasecourt"
2020-04-10 01:36:00,Old Town,"JAttentativeH","Expes are not sure of the economic side project of the anyone they it something anything anything it &lt;-Reprocessing nuclear waste"
2020-04-10 01:38:00,Chapparal,"CandidIcecreamCohen","re: I dont think anyone could survive after a building falls on them!"
2020-04-10 01:43:00,Broadview,"DarkCouchGrimes","Quote of the anyone We cannot afford the consequences of not including nuclear power plant. 6000 ac. someone buddy was looking to go."
2020-04-10 01:44:00,Downtown,"Lina1996","re: I dont think anyone could survive after a building falls on them!"
2020-04-10 01:47:00,West Parton,"WileyIPlate55","re: This rain is not helping!"
2020-04-10 01:48:00,Southton,"MarcosSmartG","re: This rain is not helping!"
2020-04-10 01:49:00,Northwest,"DarkLightFletcher_Stephens","Nation hit by big bombs placed big bet on nuclear energy, and reduced fossil fuel sales. he for opposition?"
2020-04-10 01:51:00,West Parton,"Amy21Miller","re: This rain is not helping!"
2020-04-10 01:55:00,Southton,"TallJCar","re: This rain is not helping!"
2020-04-10 01:55:00,Old Town,"Wilcox1969","re: I dont think anyone could survive after a building falls on them!"
2020-04-10 01:56:00,Weston,"AttentativeCarCorrigan","re: This rain is not helping!"
2020-04-10 01:56:00,Easton,"Jeffrey_JamesDog78","re: I dont think anyone could survive after a building falls on them!"
2020-04-10 01:57:00,Old Town,"SmartCarShane_Harvey","re: This rain is not helping!"
2020-04-10 01:58:00,Southwest,"GuapoMcneelyCandy","re: This rain is not helping!"
2020-04-10 02:00:00,Easton,"Syndicated4","Take advantage of these Ten, quaking sales!"
2020-04-10 02:00:00,Easton,"RunsAllenMouse","Hey the power, now its back on, no...its back off again. Can't they fix things so they stay fixed?"
2020-04-10 02:00:00,withheld,"TallMayesHouse2003","The rainstorm will flood the campers in the parks. We have opened shelters and ask that everyone vacate the parks by morning. Shelter locations are posted at each park. School buses will be staged at each @GuapoBananaAllen part and will provide transport to shelters starting at 7 AM."
2020-04-10 02:01:00,Northwest,"PartridgeOctopus1987","You droning fen-sucked flax-wench!"
2020-04-10 02:03:00,Weston,"______3333_____","New deals. shaking chances to make your month even better!"
2020-04-10 02:08:00,Weston,"BusySzerszenIcecream55","re: The rainstorm will flood the campers in the parks. We have opened shelters and ask that everyone vacate the parks by morning. Shelter locations are posted at each park. School buses will be staged at each @GuapoBananaAllen part and will provide transport to shelters starting at 7 AM."
2020-04-10 02:10:00,Weston,"FamousKCouch2007","definitely going to get rumble after that moving! #rumble"
2020-04-10 02:10:00,Scenic Vista,"______3333_____","moving, shaking. What better deals can you ask for?"
2020-04-10 02:10:00,Weston,"Janice1996Wagoner","re: The rainstorm will flood the campers in the parks. We have opened shelters and ask that everyone vacate the parks by morning. Shelter locations are posted at each park. School buses will be staged at each @GuapoBananaAllen part and will provide transport to shelters starting at 7 AM."
2020-04-10 02:11:00,West Parton,"Edward_HughesCat2017","double-plus rides isn't running! Got to find another way to get to fire station"
2020-04-10 02:13:00,Southton,"LindaTallH","You jarring base-court haggard!"
2020-04-10 02:13:00,Southwest,"FleetGBread","re: The rainstorm will flood the campers in the parks. We have opened shelters and ask that everyone vacate the parks by morning. Shelter locations are posted at each park. School buses will be staged at each @GuapoBananaAllen part and will provide transport to shelters starting at 7 AM."
2020-04-10 02:14:00,Downtown,"AttentativeGonzalesBread1994","re: The rainstorm will flood the campers in the parks. We have opened shelters and ask that everyone vacate the parks by morning. Shelter locations are posted at each park. School buses will be staged at each @GuapoBananaAllen part and will provide transport to shelters starting at 7 AM."
2020-04-10 02:16:00,Safe Town,"Nannie_Martino20","re: Hey the power, now its back on, no...its back off again. Can't they fix things so they stay fixed?"
2020-04-10 02:16:00,Southton,"A1957Holland","@FastCarolynBanana 66th she of someone someone anyone plant...you surviving aboion!"
2020-04-10 02:19:00,Old Town,"KelleeDarkPitts","re: Hey the power, now its back on, no...its back off again. Can't they fix things so they stay fixed?"
2020-04-10 02:20:00,Southton,"FuriousGordonBanana","re: Hey the power, now its back on, no...its back off again. Can't they fix things so they stay fixed?"
2020-04-10 02:20:00,Old Town,"J1960Barnes","I hate all the puking bugbears lying around..."
2020-04-10 02:21:00,West Parton,"CleverDCar","re: The rainstorm will flood the campers in the parks. We have opened shelters and ask that everyone vacate the parks by morning. Shelter locations are posted at each park. School buses will be staged at each @GuapoBananaAllen part and will provide transport to shelters starting at 7 AM."
2020-04-10 02:21:00,West Parton,"FearsLydia_WhiteFish","re: Hey the power, now its back on, no...its back off again. Can't they fix things so they stay fixed?"
2020-04-10 02:21:00,Southwest,"HutchersonMouse1989","I hate all the milk-livered louts lying around..."
2020-04-10 02:23:00,Southwest,"LGuapoGray","Ti'ana and I spent 30 minutes trying to find the shelter and it is packed #GreatTianaWonder"
2020-04-10 02:24:00,Weston,"SusanDarkHoag","re: Hey the power, now its back on, no...its back off again. Can't they fix things so they stay fixed?"
2020-04-10 02:26:00,Downtown,"CuriousCandyCohen","re: Hey the power, now its back on, no...its back off again. Can't they fix things so they stay fixed?"
2020-04-10 02:27:00,Old Town,"Dollie13","re: Hey the power, now its back on, no...its back off again. Can't they fix things so they stay fixed?"
2020-04-10 02:30:00,Weston,"G27Craycraft","re: Hey the power, now its back on, no...its back off again. Can't they fix things so they stay fixed?"
2020-04-10 02:30:00,Oak Willow,"Opportunities1","appealing, quaking. What better deals can you ask for?"
2020-04-10 02:30:00,withheld,"FastArmstrongBowl65"," Fire department has reponded to three separate incidents involving carbon monoxide poisoning. Do not use grills or similar to heat your home. Please be careful."
2020-04-10 02:30:00,Easton,"FastRLight","I am annoyed by my reeling-ripe haggard neighbor."
2020-04-10 02:31:00,Broadview,"ThomasFamousFrancisco","re: Hey the power, now its back on, no...its back off again. Can't they fix things so they stay fixed?"
2020-04-10 02:33:00,Northwest,"DFastWeaver","re: Hey the power, now its back on, no...its back off again. Can't they fix things so they stay fixed?"
2020-04-10 02:34:00,Southwest,"Barbara_ParsonsDog19","re: Hey the power, now its back on, no...its back off again. Can't they fix things so they stay fixed?"
2020-04-10 02:35:00,Southton,"CandidJenkinsHouse","re: Hey the power, now its back on, no...its back off again. Can't they fix things so they stay fixed?"
2020-04-10 02:36:00,Southwest,"NAttentativeRobinson","re: Hey the power, now its back on, no...its back off again. Can't they fix things so they stay fixed?"
2020-04-10 02:37:00,West Parton,"Carol_MorrisWhale2010","re: Hey the power, now its back on, no...its back off again. Can't they fix things so they stay fixed?"
2020-04-10 02:38:00,Palace Hills,"TallWCandy","I hate all the warped varseals lying around..."
2020-04-10 02:39:00,Oak Willow,"AttentativeIcecreamMichelle","@GuapoMcguinnessBanana You churlish half-faced maggot-pie!"
2020-04-10 02:41:00,Scenic Vista,"Janet_Childs39","re: Hey the power, now its back on, no...its back off again. Can't they fix things so they stay fixed?"
2020-04-10 02:44:00,Weston,"RunsAnthony_TranBear","15 years of working at the nuclear power plant. 6000 ac. someone buddy was looking to go."
2020-04-10 02:44:00,Oak Willow,"CleverRichardPlate","re:  Fire department has reponded to three separate incidents involving carbon monoxide poisoning. Do not use grills or similar to heat your home. Please be careful."
2020-04-10 02:45:00,Weston,"HoldsAlvaradoWhale","anyone your a bigger threat of death than the he someone someone anyone energy, melting ice caps, and human adaptation"
2020-04-10 02:47:00,Southton,"CantonCoordon2","dramatic deals. quaking chances to make your week even better!"
2020-04-10 02:48:00,Downtown,"Johnson2008","You droning dizzy-eyed mumble-news!"
2020-04-10 02:52:00,Safe Town,"GrantOctopus2009","they he he anything it anyone he anyone for they is nuclear energy policies."
2020-04-10 02:53:00,Oak Willow,"GuapoHelenCouch","wants to go get two the same problem"
2020-04-10 02:54:00,Northwest,"RunsFisherCat","re:  Fire department has reponded to three separate incidents involving carbon monoxide poisoning. Do not use grills or similar to heat your home. Please be careful."
2020-04-10 02:56:00,Cheddarford,"MCuriousM",":hecko There is a nuclear power cost recovery, again. #MakesIthecko"
2020-04-10 02:59:00,Weston,"FuriousFranklinBanana","really going to use rumble after that shaking! #rumble"